<application>
  <component name="AbbreviationManager">
    <abbreviations>
      <action id="EditorRightWithSelection">
        <abbreviation name="base" />
      </action>
      <action id="EditorRight">
        <abbreviation name="base" />
      </action>
      <action id="QuickJavaDoc">
        <abbreviation name="base" />
      </action>
      <action id="EditorPreviousWord">
        <abbreviation name="base" />
      </action>
      <action id="EditorUpWithSelection">
        <abbreviation name="base" />
      </action>
      <action id="EditorLineEndWithSelection">
        <abbreviation name="base" />
      </action>
      <action id="EditorLeft">
        <abbreviation name="base" />
      </action>
      <action id="EditorLineStart">
        <abbreviation name="base" />
      </action>
      <action id="EditorPreviousWordInDifferentHumpsMode">
        <abbreviation name="base" />
      </action>
      <action id="EditorLineStartWithSelection">
        <abbreviation name="base" />
      </action>
      <action id="EditorPreviousWordInDifferentHumpsModeWithSelection">
        <abbreviation name="base" />
      </action>
      <action id="EditorNextWordInDifferentHumpsMode">
        <abbreviation name="base" />
      </action>
      <action id="EditorDownWithSelection">
        <abbreviation name="base" />
      </action>
      <action id="EditorMatchBrace">
        <abbreviation name="base" />
      </action>
      <action id="EditorNextWordInDifferentHumpsModeWithSelection">
        <abbreviation name="base" />
      </action>
      <action id="EditorNextWordWithSelection">
        <abbreviation name="base" />
      </action>
      <action id="EditorDown">
        <abbreviation name="base" />
      </action>
      <action id="EditorUp">
        <abbreviation name="base" />
      </action>
      <action id="EditorLineEnd">
        <abbreviation name="base" />
      </action>
      <action id="EditorLeftWithSelection">
        <abbreviation name="base" />
      </action>
      <action id="EditorPreviousWordWithSelection">
        <abbreviation name="base" />
      </action>
      <action id="EditorNextWord">
        <abbreviation name="base" />
      </action>
      <action id="EditorCutLineEnd">
        <abbreviation name="base" />
      </action>
    </abbreviations>
  </component>
</application>